"Sen","Med","Lcl","Ucl"
"clim.low",0.0967741935483871,0,0.225806451612903
"clim.mid",0.0967741935483871,0,0.225806451612903
"clim.max",0.0967741935483871,0,0.225806451612903
