"Sen","Med","Lcl","Ucl"
"No.hunt",0.709677419354839,0.387096774193548,0.903225806451613
"hunt",0.0967741935483871,0,0.225806451612903
