"Scen","Med.pct","Lcl.pct","Ucl.pct","Med","Lcl","Ucl"
"base",-0.0945296634754859,-0.246282999709893,-0.0140883376849434,49938.5,41569,54375
"A",-0.355637288289516,-0.520083549016937,-0.228769922353903,35477,26423,42462
"B",-0.101901741824691,-0.250333917878917,-0.0213434856483459,49421,41253,53854
"C",-0.117312600477752,-0.253889681105187,-0.0423164606399695,48591.5,41073,52720
"D",-0.084187455096083,-0.210891530325491,-0.0469365297343507,50350,43384,52398
"E",-0.173996506423087,-0.293333090723825,-0.13725026383784,45395.5,38837,47415
