"Sen","Med.pct","Lcl.pct","Ucl.pct","Med","Lcl","Ucl"
"clim.low",-0.102101202632176,-0.244583616972997,-0.0204311322895394,49463,41614,53962
"clim.mid",-0.101829500698768,-0.237054649073452,-0.0219975679256584,49486.5,42036,53885
"clim.max",-0.113737491146183,-0.275276511505421,-0.0319463867347124,48798.5,39904,53302
