"Sen","Med.pct","Lcl.pct","Ucl.pct","Med","Lcl","Ucl"
"TrapNone",-0.520375208650846,-0.630125553378329,-0.393805791421729,26435,20386,33411
"Trap0",-0.385541078537821,-0.548787549764748,-0.245457835685849,33955,24934,41696
"Trap20",-0.102315269145495,-0.234689056082579,-0.0208265183731327,49396,42112,53880
"Trap30",-0.0353788779297141,-0.158256735053127,0.000172402841924742,53154,46383,55113
"Trap100",-0.0314625696094614,-0.154546608862849,0.00197718079413739,53394.5,46609,55238
"Gone",0.00623500327201338,-0.0937068276012506,0.019086744710245,55355,49857,56062
