"Sen","Med.pct","Lcl.pct","Ucl.pct","Med","Lcl","Ucl"
"K.nochange",-0.0270466773302312,-0.175512578159081,0.0616729678638941,53528,45360,58409
"K.base",-0.10311450104422,-0.23325161173159,-0.0228275674203214,49387,42221,53808
"K.transition",-0.102315269145495,-0.234689056082579,-0.0208265183731327,49396,42112,53880
"K.contharvest",-0.117585592789126,-0.253307407138184,-0.0377807661554118,48557.5,41089,52949
"K.midharvest",-0.147680091578919,-0.28515749211858,-0.0724908920767882,46907,39341,51045
"K.maxharvest",-0.168215706444066,-0.292946027873613,-0.0948085168361356,45687,38836,49719
