"Sen","Med.pct","Lcl.pct","Ucl.pct","Med","Lcl","Ucl"
"roads.maxdecom",0.00487999203266607,-0.120116612796625,0.0551828412599252,55495,48592,58273
"roads.middecom",-0.0203151475611856,-0.151548101231413,0.0381384728300758,54059.5,46818,57285
"roads.plandecom",-0.102315269145495,-0.234689056082579,-0.0208265183731327,49396,42112,53880
"roads.nochange",-0.115166224427882,-0.261603108048142,-0.0297854613622162,48853,40768,53567
"roads.maxbuild",-0.197587331669005,-0.359440202634984,-0.099112560817829,44034,35152,49438
