"Sen","Med.pct","Lcl.pct","Ucl.pct","Med","Lcl","Ucl"
"diet.9.5",-0.0598936873466209,-0.172137753669779,-0.00884731365854984,51907.5,45710,54726
"diet.15",-0.164612707963319,-0.315814273804777,-0.0403240421907282,46095,37752,52953
"diet.20.5",-0.156200101611264,-0.310821599651619,-0.0395921033531717,46503.5,37982,52930
"diet.26",-0.227427543800692,-0.393084531475645,-0.0678195475063805,42530.5,33411,51317
