"Sen","Med.pct","Lcl.pct","Ucl.pct","Med","Lcl","Ucl"
"K.nochange",-0.0249003802834841,-0.186721010207609,0.0623919649193035,53590.5,44697,58388
"K.base",-0.102391900979662,-0.253021683418455,-0.0197022846652974,49385.5,41098,53935
"K.transition",-0.102315269145495,-0.234689056082579,-0.0208265183731327,49396,42112,53880
"K.contharvest",-0.122100763469393,-0.260295063260186,-0.0453825045056468,48467.5,40838,52703
"K.midharvest",-0.150065233936143,-0.284583046424818,-0.0713043163121081,46904.5,39481,51251
"K.maxharvest",-0.171874574331871,-0.295193469002279,-0.0919079921177614,45597,38807,50000
