"Sen","Med.pct","Lcl.pct","Ucl.pct","Med","Lcl","Ucl"
"No.deer.hunt",0.124297580681767,0.0548953746992874,0.158966910262811,61923.5,58101,63833
"Deer.hunt",-0.101901741824691,-0.250333917878917,-0.0213434856483459,49421,41253,53854
