"Sen","Med.pct","Lcl.pct","Ucl.pct","Med","Lcl","Ucl"
"diet.9.5",-0.243719022389335,-0.381302341480089,-0.155528969406939,4425,3620,4941
"diet.15",-0.357447898872566,-0.539289374786471,-0.190980526135975,3761.5,2697,4736
"diet.20.5",-0.356642161053171,-0.552402120020516,-0.194221234399043,3763,2618,4713
"diet.26",-0.427741715066621,-0.619747181414418,-0.214724974376495,3350,2226,4597
