"Sen","Med.pct","Lcl.pct","Ucl.pct","Med","Lcl","Ucl"
"K.nochange",-0.211646998460749,-0.390798700188131,-0.0802120745681546,4609.5,3562,5378
"K.base",-0.291581284153005,-0.469091530054645,-0.165642076502732,4148.5,3109,4886
"K.transition",-0.291908501194947,-0.440764766131786,-0.167634004779788,4148,3276,4876
"K.contharvest",-0.310117928559221,-0.462655956246795,-0.195693043924116,4036.5,3144,4706
"K.midharvest",-0.345168999658587,-0.479344486172755,-0.231819733697508,3836,3050,4500
"K.maxharvest",-0.373664872254977,-0.509527471588482,-0.262240451166368,3665,2870,4317
