"Sen","Med.pct","Lcl.pct","Ucl.pct","Med","Lcl","Ucl"
"K.nochange",-0.215615923458056,-0.385101657269776,-0.0727831881086622,4591,3599,5427
"K.base",-0.294394120663135,-0.452401298923261,-0.170740044436848,4128.5,3204,4852
"K.transition",-0.291908501194947,-0.440764766131786,-0.167634004779788,4148,3276,4876
"K.contharvest",-0.309913460714592,-0.454888184388656,-0.190986205123811,4027,3181,4721
"K.midharvest",-0.347043263077054,-0.499957334243536,-0.235941633245157,3826,2930,4477
"K.maxharvest",-0.367663439293977,-0.504755376574415,-0.262102647588039,3690,2890,4306
