"Sen","Med.pct","Lcl.pct","Ucl.pct","Med","Lcl","Ucl"
"clim.low",-0.282331823232755,-0.424566202239508,-0.159073425079067,4198,3366,4919
"clim.mid",-0.290815890645024,-0.453054250320376,-0.164288765484836,4150.5,3201,4891
"clim.max",-0.304310639753678,-0.481525829627095,-0.170543961683202,4067,3031,4849
