"Sen","Med.pct","Lcl.pct","Ucl.pct","Med","Lcl","Ucl"
"roads.maxdecom",-0.388339584043641,-0.481759290828503,-0.364473235594954,3588,3040,3728
"roads.middecom",-0.341633975780317,-0.466314173631247,-0.288418898174996,3860,3129,4172
"roads.plandecom",-0.291908501194947,-0.440764766131786,-0.167634004779788,4148,3276,4876
"roads.nochange",-0.287861962928163,-0.456393610660289,-0.169898351413684,4168.5,3182,4859
"roads.maxbuild",-0.226035604245122,-0.459774049982883,-0.0686408764121876,4521.5,3156,5441
