"Sen","Med.pct","Lcl.pct","Ucl.pct","Med","Lcl","Ucl"
"TrapNone",-0.805873313983268,-0.868362642991293,-0.651528086050879,1137,771,2041
"Trap0",-0.625501066098081,-0.80452025586354,-0.450405117270789,2195.5,1146,3222
"Trap20",-0.291908501194947,-0.440764766131786,-0.167634004779788,4148,3276,4876
"Trap30",-0.202887408166752,-0.333162480779088,-0.147274901759781,4665.5,3903,4991
"Trap100",-0.197711162353745,-0.333162524553762,-0.146468528482364,4697,3904,4997
"Gone",-0.173474619723124,-0.293625021363869,-0.134336010938301,4836,4133,5065
