"Scen","Med.pct","Lcl.pct","Ucl.pct","Med","Lcl","Ucl"
"base",-0.266991120218579,-0.448087431693989,-0.142418032786885,4292.5,3232,5022
"A",-0.596257369905153,-0.776638468768692,-0.433136802529266,2362.5,1307,3317
"B",-0.290118712101802,-0.459731830216073,-0.166623964471774,4156,3163,4879
"C",-0.309446532285617,-0.455585924154424,-0.194738640245986,4042.5,3187,4714
"D",-0.269986334130509,-0.405363853775196,-0.215408267851042,4273.5,3481,4593
"E",-0.200787064761742,-0.366755068868167,0.171641791044776,4671,3701,5013
