"Sen","Med.pct","Lcl.pct","Ucl.pct","Med","Lcl","Ucl"
"roads.maxdecom",0.654320987654321,-0.333333333333333,1.2962962962963,134,54,186
"roads.middecom",0.580246913580247,-0.469135802469136,1.33333333333333,128,43,189
"roads.plandecom",0.622641509433962,-0.446540880503145,1.30188679245283,129,44,183
"roads.nochange",0.675,-0.4,1.2875,134,48,183
"roads.maxbuild",0.658536585365854,-0.451219512195122,1.23170731707317,136,45,183
