"Sen","Med.pct","Lcl.pct","Ucl.pct","Med","Lcl","Ucl"
"diet.9.5",0.518796992481203,-0.428571428571429,1.30827067669173,202,76,307
"diet.15",0.462121212121212,-0.454545454545455,0.96969696969697,193,72,260
"diet.20.5",0.462121212121212,-0.462121212121212,0.954545454545455,193,71,258
"diet.26",0.305343511450382,-0.358778625954198,0.748091603053435,171,84,229
