"Scen","Med.pct","Lcl.pct","Ucl.pct","Med","Lcl","Ucl"
"base",0.556390977443609,-0.526315789473684,1.12781954887218,207,63,283
"A",2.0185873605948,1.52788104089219,2.45724907063197,406,340,465
"B",0.537593984962406,-0.503759398496241,1.15789473684211,204.5,66,287
"C",0.567164179104478,-0.514925373134328,1.11940298507463,210,65,284
"D",-0.300751879699248,-0.887218045112782,0.285714285714286,93,15,171
"E",-0.385185185185185,-0.896296296296296,0.162962962962963,83,14,157
