"Sen","Med.pct","Lcl.pct","Ucl.pct","Med","Lcl","Ucl"
"TrapNone",2.8,2.1125,3.65,304,249,372
"Trap0",2.64285714285714,2.08333333333333,3.21428571428571,306,259,354
"Trap20",0.622641509433962,-0.446540880503145,1.30188679245283,129,44,183
"Trap30",-0.2625,-0.8625,0.3375,59,11,107
"Trap100",-0.260606060606061,-0.915151515151515,0.333333333333333,61,7,107
