"Sen","Med.pct","Lcl.pct","Ucl.pct","Med","Lcl","Ucl"
"roads.maxdecom",0.574626865671642,-0.373134328358209,1.20149253731343,211,84,295
"roads.middecom",0.485185185185185,-0.525925925925926,1.17037037037037,200.5,64,293
"roads.plandecom",0.541666666666667,-0.477272727272727,1.15151515151515,203.5,69,284
"roads.nochange",0.552238805970149,-0.462686567164179,1.09701492537313,208,72,281
"roads.maxbuild",0.555147058823529,-0.463235294117647,1.08823529411765,211.5,73,284
