"q.threshold.n","q.prob","q.lcl","q.ucl","e.prob","e.lcl","e.ucl","perc.yrs","perc.lcl","perc.ucl"
0,0.001,-0.000960980735613036,0.00296098073561304,0.001,-0.000960980735613036,0.00296098073561304,0.000645161290322581,0,0
