"Scen","Med.pct","Lcl.pct","Ucl.pct","Med","Lcl","Ucl"
"base",0.666666666666667,-0.345679012345679,1.28395061728395,135,53,185
"A",2.85185185185185,2.2716049382716,3.4320987654321,312,265,359
"B",0.65,-0.3875,1.3125,132,49,185
"C",0.607594936708861,-0.40506329113924,1.29113924050633,127,47,181
"D",-0.275,-0.875,0.3625,58,10,109
"E",-0.333333333333333,-0.864197530864197,0.246913580246914,54,11,101
