"Sen","Med.pct","Lcl.pct","Ucl.pct","Med","Lcl","Ucl"
"diet.9.5",0.660493827160494,-0.419753086419753,1.48148148148148,134.5,47,201
"diet.15",0.515527950310559,-0.453416149068323,1.03726708074534,122,44,164
"diet.20.5",0.5125,-0.4,1.0375,121,48,163
"diet.26",0.304878048780488,-0.451219512195122,0.731707317073171,107,45,142
