"Sen","Med.pct","Lcl.pct","Ucl.pct","Med","Lcl","Ucl"
"K.nochange",0.524163568773234,-0.449814126394052,1.1635687732342,205,74,291
"K.base",0.529850746268657,-0.477611940298507,1.11940298507463,205,70,284
"K.transition",0.541666666666667,-0.477272727272727,1.15151515151515,203.5,69,284
"K.contharvest",0.552238805970149,-0.447761194029851,1.11194029850746,208,74,283
"K.midharvest",0.526717557251908,-0.442748091603053,1.14503816793893,200,73,281
"K.maxharvest",0.496296296296296,-0.488888888888889,1.08148148148148,202,69,281
