"Sen","Med.pct","Lcl.pct","Ucl.pct","Med","Lcl","Ucl"
"clim.low",0.590909090909091,-0.439393939393939,1.16666666666667,210,74,286
"clim.mid",0.580152671755725,-0.473282442748092,1.16030534351145,207,69,283
"clim.max",0.556390977443609,-0.421052631578947,1.15037593984962,207,77,286
