"Sen","Med.pct","Lcl.pct","Ucl.pct","Med","Lcl","Ucl"
"K.nochange",0.63855421686747,-0.397590361445783,1.28915662650602,136,50,190
"K.base",0.645569620253165,-0.379746835443038,1.32911392405063,130,49,184
"K.transition",0.622641509433962,-0.446540880503145,1.30188679245283,129,44,183
"K.contharvest",0.625,-0.475,1.275,130,42,182
"K.midharvest",0.604938271604938,-0.407407407407407,1.24691358024691,130,48,182
"K.maxharvest",0.565217391304348,-0.37888198757764,1.2360248447205,126,50,180
