"Sen","Med.pct","Lcl.pct","Ucl.pct","Med","Lcl","Ucl"
"TrapNone",2.00746268656716,1.48507462686567,2.66417910447761,403,333,491
"Trap0",1.88405797101449,1.39130434782609,2.29710144927536,398,330,455
"Trap20",0.541666666666667,-0.477272727272727,1.15151515151515,203.5,69,284
"Trap30",-0.297709923664122,-0.862595419847328,0.305343511450382,92,18,171
"Trap100",-0.296296296296296,-0.911111111111111,0.296296296296296,95,12,175
