"Sen","Med.pct","Lcl.pct","Ucl.pct","Med","Lcl","Ucl"
"K.nochange",0.539855072463768,-0.442028985507246,1.11594202898551,212.5,77,292
"K.base",0.537878787878788,-0.431818181818182,1.13636363636364,203,75,282
"K.transition",0.541666666666667,-0.477272727272727,1.15151515151515,203.5,69,284
"K.contharvest",0.548872180451128,-0.488721804511278,1.12781954887218,206,68,283
"K.midharvest",0.503703703703704,-0.451851851851852,1.07407407407407,203,74,280
"K.maxharvest",0.492424242424242,-0.409090909090909,1.11363636363636,197,78,279
