"Sen","Med.pct","Lcl.pct","Ucl.pct","Med","Lcl","Ucl"
"No.wolf.hunt",0.798780487804878,-0.439024390243902,1.5,147.5,46,205
"wolf.hunt",0.627329192546584,-0.490683229813665,1.24844720496894,131,41,181
