"Sen","Med.pct","Lcl.pct","Ucl.pct","Med","Lcl","Ucl"
"No.wolf.hunt",0.746153846153846,-0.376923076923077,1.45384615384615,227,81,319
"wolf.hunt",0.547169811320755,-0.426415094339623,1.16603773584906,205,76,287
