"Sen","Med.pct","Lcl.pct","Ucl.pct","Med","Lcl","Ucl"
"clim.low",0.617283950617284,-0.45679012345679,1.2962962962963,131,44,186
"clim.mid",0.597560975609756,-0.475609756097561,1.19512195121951,131,43,180
"clim.max",0.675,-0.425,1.2875,134,46,183
